{"Stats": {"Cash": {"__mantissa__": true, "number": 2.1112268136910926, "exponent": 7040753}, "Multiplier": {"__mantissa__": true, "number": 1.1955016133448977, "exponent": 3964199}, "Rebirths": {"__mantissa__": true, "number": 1.4818902583568845, "exponent": 2629296}, "Stone": {"__mantissa__": true, "number": 1.6077931748997074, "exponent": 1799294}, "White Gems": {"__mantissa__": true, "number": 1.085873871415455, "exponent": 1102731}, "Crystal": {"__mantissa__": true, "number": 1.0295495847089797, "exponent": 812856}, "Iron": {"__mantissa__": true, "number": 1.4232045846307113, "exponent": 405326}, "Gold": {"__mantissa__": true, "number": 1.0150745630622344, "exponent": 289890}, "Quartz": {"__mantissa__": true, "number": 3.1794205805477587, "exponent": 174450}, "Jade": {"__mantissa__": true, "number": 2.182435749151584, "exponent": 116794}, "Obsidian": {"__mantissa__": true, "number": 5.253101171572506, "exponent": 57778}, "Ruby": {"__mantissa__": true, "number": 1.5517061205611058, "exponent": 31037}, "Emerald": {"__mantissa__": true, "number": 1.0331895144326153, "exponent": 16535}, "Sapphire": {"__mantissa__": true, "number": 2.8640176853045185, "exponent": 9955}, "Diamond": {"__mantissa__": true, "number": 2.5301222165958768, "exponent": 4580}, "Starlight": {"__mantissa__": true, "number": 2.763147905896061, "exponent": 2603}, "Ion": {"__mantissa__": true, "number": 1.057750987880962, "exponent": 1384}, "Uranium": {"__mantissa__": true, "number": 1.066559548652063, "exponent": 838}, "Bismuth": {"__mantissa__": true, "number": 1.281483265008706, "exponent": 450}, "Boracite": 5.348863247251882e+247, "Nissonite": 1.508041471682458e+120, "Orpiment": 6.010742875210377e+47, "Tetra": 3.2421114708223695e+21, "Volt": 1933211376348.0, "Aquamarine": 37634, "Lollipop": 15, "C0RR8PT10N": 0, "Stargazed Metal": 0, "Gyge": 0, "Auly Plate": 0, "Shell Piece": 0, "Singularity": 0, "Capsuled Singularity": 0, "Gems": 1686300170193468.0, "Event Power": 50768919981, "Mint": 187462153232.0, "Buttons Pressed": 42311.0, "Geodes Opened": 1366101, "Graphite": 1, "Stellarite": 1, "Galaxite": 1, "Starglass": 0, "Darkmatter": 0, "Testium": 1, "Alpha Point": 6327, "Leaf": 0, "Acorn": 0, "Chestnut": 12, "Pine": 0, "Mushroom": 3, "Wicked Branch": 3, "Candy": 0, "Pumpkin": 3, "Bat": 7, "Bone": 1, "Clover": 1.011911291654676e+35, "Heart": 10273850, "Orange Pumpkin": 10040, "Ray": 1088544, "Patriotic Crystal": 1000, "Aureal Gem": 12, "Fragment": 0, "Dezyp": 1516.0, "Digenite": 125, "Oneillite": 24, "Alum": 9, "Chaoite": 2, "Amethyst": 21, "Paradoxite": 1, "Silver": 1190, "Platinum": 54, "Mythril": 1, "Yellow Beryl": 51, "Opal": 68, "Holeyum": 2, "Pink Quartz": 663, "Cyan Quartz": 188, "Black Quartz": 9, "Garnet": 14, "Milky Quartz": 1, "Jurite": 202, "Molybendum": 2, "Rbadam's Smokestackite": 1, ":3": 78745, "O_O": 1571, "^_^": 76, "'-'": 136, ":D": 47, "OwO": 9, "UwU": 1, "Draconite": 18053, "Burneite": 4473, "Dragonglass": 278, "Hellyerite": 357, "Palladium": 48, "Osumillite": 1, "Pascoite": 13, "Roselite": 2, "Wulfenite": 1, "Olivine": 95, "Heazlewoodite": 7, "Gaspeite": 6, "Talc": 1, "Lapis": 51, "Ringwoodite": 4, "Kyanite": 8, "Azurite": 1, "Cobalt": 1, "Spatial Dust": 155, "Astrophyllite": 1, "Niter": 25, "Yrnote": 8, "Sercense": 2, "Neuron": 5661, "Antimatter": 2, "Sphene": 14186, "Grail": 12436, "Acid": 2103, "Niflhemite": 417, "Box": 1, "Reactivite": 14, "Plutonerite": 2, "Lead": 6803, "Pseudomalachite": 1392, "Osmium": 7, "Yhed": 2, "Hexaferrum": 2, "Hectam": 1, "Spectrolite": 1, "Frostone": 438, "Clouminance": 337, "Neptunian": 85, "Galarium": 15, "Borax": 29959, "Axiom": 8983, "Vergemite": 2753, "Zanyte": 74, "Secretum": 8, "Unova": 1, "Mortalstone": 1, "Uzik": 3, "Omet": 1, "Sweet": 3447, "Ichor Flower": 872, "Halved Heart": 343, "Rainbow": 79, "Unicorn": 13, "Rose": 2, "Wickedite": 2, "Lucky Clover": 1316, "Golden Clover": 262, "Diamond Clover": 59, "Leprechaun's Hat": 23, "Supreme Clover": 1, "Red Clover": 6048, "Holy Clover": 12150, "Oblivion Clover": 907, "Death Clover": 1814, "Giant Clover": 118, "Oddium": 8, "Albino Clover": 41, "Tripetaled": 24, "Dualpetaled": 1, "Podrillium": 0, "Heartium": 0, "Eternal Rose": 0, "Cloverite": 0, "Ace": 0, "777": 0, "Core Clover": 0, "Luckant": 0, "Jackpotium": 0, "Reality": 0, "Goldenium": 487, "Lightroom": 195, "Dazzlium": 79, "Juled": 17, "Tempested": 3, "Cyclone": 5, "Koanite": 1, "Torbdenum": 0, "Darnite": 0, "Wubium": 0, "Woofern": 0, "Acastar": 0, "Zincton": 0, "Prismatum": 0, "Vine": 755, "Dew": 513, "Daisy": 244, "Tulip": 91, "Aster": 4, "Honeysuckle": 1, "Trollius": 0, "Nymphea": 0, "Sunflower": 0, "Yarrow": 0, "Windflower": 0, "Bachelor's Button": 0, "Egg": 0, "Tainted Egg": 0, "Spotted Egg": 0, "Equinox Egg": 0, "Sugar Egg": 0, "Time Egg": 0, "Malicious Egg": 0, "Stained Glass Egg": 0, "Space Egg": 0, "Gravitational Egg": 0, "EGG9000": 0, "Dust Devil Egg": 0, "Black Iron Faberg\u00e9": 0, "Gilded Faberg\u00e9": 0, "Royal Faberg\u00e9": 0, "Easter Basket": 0, "Egg of Destiny": 0}, "Upgrades": {"cash_speed": 22, "gem_speed": 17, "cash_multi": 10, "gem_timer_amount": 36, "lucky_draw": 100, "lucky_draw_multi": 30, "geode_speed": 25, "geode_luck": 15, "crit_luck": 20, "event_timer_amount": 800, "event_speed": 88, "cash_multi_2": 1000, "super_lucky": 0, "geode_express": 0, "offline_roll": 0}, "Keys": {"Darkmatter_1": true, "Darkmatter_2": true, "Darkmatter_3": false, "Darkmatter_4": false, "Darkmatter_5": false, "Galaxite_1": true, "Galaxite_2": true, "Galaxite_3": true}}