{"Stats": {"Cash": {"__mantissa__": true, "number": 3.259530402011562, "exponent": 11013701}, "Multiplier": {"__mantissa__": true, "number": 1.0024122159009932, "exponent": 6206170}, "Rebirths": {"__mantissa__": true, "number": 1.0483089145924804, "exponent": 4099131}, "Stone": {"__mantissa__": true, "number": 3.105227025610348, "exponent": 2814101}, "White Gems": {"__mantissa__": true, "number": 1.1706535695183948, "exponent": 1723037}, "Crystal": {"__mantissa__": true, "number": 2.120931842667474, "exponent": 1269226}, "Iron": {"__mantissa__": true, "number": 4.505852170221951, "exponent": 633069}, "Gold": {"__mantissa__": true, "number": 8.77325002150383, "exponent": 452148}, "Quartz": {"__mantissa__": true, "number": 1.3780759771253301, "exponent": 271961}, "Jade": {"__mantissa__": true, "number": 2.0820500329554608, "exponent": 181946}, "Obsidian": {"__mantissa__": true, "number": 4.714949222186993, "exponent": 89969}, "Ruby": {"__mantissa__": true, "number": 4.473689615065903, "exponent": 48367}, "Emerald": {"__mantissa__": true, "number": 1.070575378222468, "exponent": 25718}, "Sapphire": {"__mantissa__": true, "number": 1.0505924766609203, "exponent": 15493}, "Diamond": {"__mantissa__": true, "number": 1.7824570605220704, "exponent": 7154}, "Starlight": {"__mantissa__": true, "number": 4.196817480631611, "exponent": 4002}, "Ion": {"__mantissa__": true, "number": 5.6268840883568, "exponent": 2158}, "Uranium": {"__mantissa__": true, "number": 3.493902380336938, "exponent": 1301}, "Bismuth": {"__mantissa__": true, "number": 7.809306465008032, "exponent": 690}, "Boracite": {"__mantissa__": true, "number": 3.652414471849826, "exponent": 369}, "Nissonite": 2.9489908499203387e+183, "Orpiment": 2.006554794599138e+66, "Tetra": 4.8750140520177813e+27, "Volt": 1.414912184101399e+16, "Aquamarine": 2370419.9999999995, "Lollipop": 390, "C0RR8PT10N": 0, "Stargazed Metal": 0, "Gyge": 0, "Auly Plate": 0, "Shell Piece": 0, "Singularity": 0, "Capsuled Singularity": 0, "Gems": 2.043181570543461e+50, "Event Power": 508223114676, "Mint": 3.0556141390256862e+47, "Buttons Pressed": 364711.0, "Geodes Opened": 3070537, "Graphite": 1, "Stellarite": 1, "Galaxite": 1, "Starglass": 0, "Darkmatter": 0, "Testium": 1, "Alpha Point": 6327, "Leaf": 0, "Acorn": 0, "Chestnut": 12, "Pine": 0, "Mushroom": 3, "Wicked Branch": 3, "Candy": 0, "Pumpkin": 3, "Bat": 7, "Bone": 1, "Clover": 8.11450686867835e+40, "Heart": 1216399511725650.0, "Orange Pumpkin": 683865.0, "Ray": 7.286295240232307e+181, "Patriotic Crystal": 1.2063602765127075e+116, "Aureal Gem": 1.5944364514212796e+54, "Fragment": 5.594889222788827e+25, "Dezyp": 1517.0, "Digenite": 125, "Oneillite": 24, "Alum": 9, "Chaoite": 2, "Amethyst": 21, "Paradoxite": 1, "Silver": 1190, "Platinum": 54, "Mythril": 1, "Yellow Beryl": 51, "Opal": 68, "Holeyum": 2, "Pink Quartz": 663, "Cyan Quartz": 188, "Black Quartz": 9, "Garnet": 14, "Milky Quartz": 1, "Jurite": 202, "Molybendum": 2, "Rbadam's Smokestackite": 1, ":3": 78745, "O_O": 1571, "^_^": 76, "'-'": 136, ":D": 47, "OwO": 9, "UwU": 1, "Draconite": 18053, "Burneite": 4473, "Dragonglass": 278, "Hellyerite": 357, "Palladium": 48, "Osumillite": 1, "Pascoite": 13, "Roselite": 2, "Wulfenite": 1, "Olivine": 95, "Heazlewoodite": 7, "Gaspeite": 6, "Talc": 1, "Lapis": 51, "Ringwoodite": 4, "Kyanite": 8, "Azurite": 1, "Cobalt": 1, "Spatial Dust": 155, "Astrophyllite": 1, "Niter": 25, "Yrnote": 8, "Sercense": 2, "Neuron": 5661, "Antimatter": 2, "Sphene": 14186, "Grail": 12436, "Acid": 2103, "Niflhemite": 417, "Box": 1, "Reactivite": 14, "Plutonerite": 2, "Lead": 6803, "Pseudomalachite": 1392, "Osmium": 7, "Yhed": 2, "Hexaferrum": 2, "Hectam": 1, "Spectrolite": 1, "Frostone": 438, "Clouminance": 337, "Neptunian": 85, "Galarium": 15, "Borax": 29959, "Axiom": 8983, "Vergemite": 2753, "Zanyte": 74, "Secretum": 8, "Unova": 1, "Mortalstone": 1, "Uzik": 3, "Omet": 1, "Sweet": 45617, "Ichor Flower": 11617, "Halved Heart": 4538, "Rainbow": 953, "Unicorn": 254, "Rose": 32, "Wickedite": 74, "Lucky Clover": 89318, "Golden Clover": 17639, "Diamond Clover": 3577, "Leprechaun's Hat": 1639, "Supreme Clover": 409, "Red Clover": 77723, "Holy Clover": 154452, "Oblivion Clover": 11682, "Death Clover": 22976, "Giant Clover": 1596, "Oddium": 105, "Albino Clover": 445, "Tripetaled": 378, "Dualpetaled": 43, "Podrillium": 0, "Heartium": 0, "Eternal Rose": 1, "Cloverite": 129, "Ace": 6, "777": 1, "Core Clover": 8, "Luckant": 0, "Jackpotium": 1, "Reality": 0, "Goldenium": 62765, "Lightroom": 25061, "Dazzlium": 11351, "Juled": 2383, "Tempested": 300, "Cyclone": 141, "Koanite": 81, "Torbdenum": 48, "Darnite": 22, "Wubium": 3, "Woofern": 1, "Acastar": 0, "Prismatum": 0, "Vine": 48157, "Dew": 32444, "Daisy": 16063, "Tulip": 5941, "Aster": 251, "Honeysuckle": 86, "Trollius": 32, "Nymphea": 11, "Sunflower": 2, "Yarrow": 0, "Windflower": 2, "Bachelor's Button": 1, "Egg": 40565, "Tainted Egg": 32543, "Spotted Egg": 20245, "Equinox Egg": 8056, "Sugar Egg": 141, "Time Egg": 49, "Malicious Egg": 18, "Stained Glass Egg": 0, "Space Egg": 0, "Gravitational Egg": 0, "EGG9000": 1, "Dust Devil Egg": 0, "Black Iron Faberg\u00e9": 0, "Gilded Faberg\u00e9": 0, "Royal Faberg\u00e9": 0, "Easter Basket": 0, "Egg of Destiny": 0, "Shinestone": 21084, "Yen": 20971, "Ascension": 21153, "Translucid Gem": 10617, "Luminant Crystal": 10521, "Exotic Metal": 5221, "Polyhedral Gold": 5161, "Luxurious Quartz": 3193, "Scarlet Jade": 3185, "Reflected Obsidian": 1044, "Chromio": 1031, "Clusterized Diamond": 542, "Cosmodryal": 512, "Augmented Ion": 102, "Symmetrite": 105, "Levigated Bismuth": 64, "Niflhemic Boracite": 21, "Encored Nissonite": 29, "Charged Tetra": 52, "Overclocked Volt": 18, "Agate": 10, "Bustamite": 11, "Polycrase": 11, "Stolzite": 3, "Zeunerite": 4, "Phosphophyllite": 3, "Haxonite": 1, "Glaucodot": 0, "Dyscrasite": 2, "Bazzite": 1, "Cornubite": 0, "Kostovite": 0, "Minium": 0, "Nyerereite": 0, "Peridot": 0, "Realgar": 0, "Ereus": 0, "Existence": 0, "Ethereal Orpiment": 119, "Ivory": 1, "Master Cash": 5.921930562782294e+19, "Master Multiplier": 0, "Master Rebirths": 0, "Master Stone": 0, "Master White Gems": 0, "Master Crystal": 0, "Master Iron": 0, "Master Gold": 0, "Master Quartz": 0, "Master Jade": 0, "Master Obsidian": 0, "Master Ruby": 0, "Master Emerald": 13382465.625, "Master Sapphire": 0, "Master Diamond": 50, "Master Starlight": 0, "Master Ion": 9.0, "Master Uranium": 3.0, "Master Bismuth": 0, "Master Boracite": 0, "Master Nissonite": 0, "Master Orpiment": 0, "Master Tetra": 0, "Master Volt": 0, "Master Aquamarine": 0, "Master Lollipop": 0, "Prime Alpha Key": 0, "Master Mint": 100392.00000000001, "Master Gems": 127339913721, "Master Event Power": 157309796637, "Zinction": 0, "Ascended Crystal": 0, "Bright Quartz": 0, "Glowing Jade": 0, "Vivid Ruby": 0, "Glossy Diamond": 0, "Polarized Ion": 0, "Illuminated Bismuth": 0, "Gleaming Nissonite": 0, "Glaring Tetra": 0, "Shining Lollipop": 0, "Glistening Gyge": 0, "Scapolite": 0, "Phenakite": 0, "Unarovite": 0, "Sphalerite": 0, "Rhodochrosite": 0, "Tourmaline": 0, "Cosmillite": 0, "Charcoal": 51619, "Flamecrystal": 25657, "Torbernite": 12747, "Manganite": 8514, "Pyrrhoite": 2574, "Norbergite": 1033, "Moolooite": 92, "Lizardite": 37, "Kassite": 2, "Geocronite": 4, "Dioptase": 1, "Corkite": 1, "Thorium": 0, "Qusongite": 1, "Vulcanite": 0, "Carnelite": 0, "Matter": 0, "PROT5409-Irosfagum": 50502, "Radiobarite": 25173, "Uramarsite": 12450, "Uranopolycrase": 8343, "Yttrobetafite": 3498, "IMA2008-047": 986, "Ludlockite": 123, "Cattite": 26, "Schorl": 4, "Mixite": 1, "Tellurium": 0, "Eyselite": 0, "Water": 48113, "Beach Ball": 34713, "Ice Cream": 18384, "Umbrella": 205, "Salt": 53, "Rockbottom": 278, "Fossil": 68, "Bedrock": 3, "Tryglogem": 0, "American Flag": 75959, "Fluorescent Iron": 25318, "Fluorite": 271, "Patriotic Opal": 48, "Silver of Justice": 12, "Epidote of Liberty": 2, "Fireworks": 0, "Firecracker": 0, "Shinepowder": 26525, "Lightray": 26242, "Chalice": 25919, "Halo": 12871,